text,gold_label,pred_intent,correct,gold_order_status,pred_order_status,order_status_correct,gold_cancel_scope,pred_cancel_scope,cancel_scope_correct,confidence,latency_ms,error,bond_code,direction,price,amount,settle_date,source,raw_output,retries,prompt_tokens,completion_tokens,total_tokens
你好,chat,,0,,,,,,,,3437,"APIError: Error code: 400 - {'error': {'message': 'Invalid model identifier ""aliyun/deepseek-v4-flash"". No matching loaded model found, and just-in-time (JIT) model loading is disabled. Ensure you have this model loaded first. JIT loading can be enabled in LM Studio Server Settings.', 'type': 'invalid_request_error', 'param': 'model', 'code': 'model_not_found'}}",,,,,,excel,,2,0,0,0
今天天气什么情况,chat,,0,,,,,,,,3299,"APIError: Error code: 400 - {'error': {'message': 'Invalid model identifier ""aliyun/deepseek-v4-flash"". No matching loaded model found, and just-in-time (JIT) model loading is disabled. Ensure you have this model loaded first. JIT loading can be enabled in LM Studio Server Settings.', 'type': 'invalid_request_error', 'param': 'model', 'code': 'model_not_found'}}",,,,,,excel,,2,0,0,0
hi,chat,,0,,,,,,,,3381,"APIError: Error code: 400 - {'error': {'message': 'Invalid model identifier ""aliyun/deepseek-v4-flash"". No matching loaded model found, and just-in-time (JIT) model loading is disabled. Ensure you have this model loaded first. JIT loading can be enabled in LM Studio Server Settings.', 'type': 'invalid_request_error', 'param': 'model', 'code': 'model_not_found'}}",,,,,,excel,,2,0,0,0
210210行情,chat,,0,,,,,,,,3340,"APIError: Error code: 400 - {'error': {'message': 'Invalid model identifier ""aliyun/deepseek-v4-flash"". No matching loaded model found, and just-in-time (JIT) model loading is disabled. Ensure you have this model loaded first. JIT loading can be enabled in LM Studio Server Settings.', 'type': 'invalid_request_error', 'param': 'model', 'code': 'model_not_found'}}",,,,,,excel,,2,0,0,0
你是谁,chat,,0,,,,,,,,3316,"APIError: Error code: 400 - {'error': {'message': 'Invalid model identifier ""aliyun/deepseek-v4-flash"". No matching loaded model found, and just-in-time (JIT) model loading is disabled. Ensure you have this model loaded first. JIT loading can be enabled in LM Studio Server Settings.', 'type': 'invalid_request_error', 'param': 'model', 'code': 'model_not_found'}}",,,,,,excel,,2,0,0,0
价格太差了,chat,,0,,,,,,,,108,"APIError: Error code: 400 - {'error': {'message': 'Invalid model identifier ""aliyun/deepseek-v4-flash"". No matching loaded model found, and just-in-time (JIT) model loading is disabled. Ensure you have this model loaded first. JIT loading can be enabled in LM Studio Server Settings.', 'type': 'invalid_request_error', 'param': 'model', 'code': 'model_not_found'}}",,,,,,excel,,2,0,0,0
介绍一下自己,chat,,0,,,,,,,,100,"APIError: Error code: 400 - {'error': {'message': 'Invalid model identifier ""aliyun/deepseek-v4-flash"". No matching loaded model found, and just-in-time (JIT) model loading is disabled. Ensure you have this model loaded first. JIT loading can be enabled in LM Studio Server Settings.', 'type': 'invalid_request_error', 'param': 'model', 'code': 'model_not_found'}}",,,,,,excel,,2,0,0,0
你用了多少加减点,chat,,0,,,,,,,,109,"APIError: Error code: 400 - {'error': {'message': 'Invalid model identifier ""aliyun/deepseek-v4-flash"". No matching loaded model found, and just-in-time (JIT) model loading is disabled. Ensure you have this model loaded first. JIT loading can be enabled in LM Studio Server Settings.', 'type': 'invalid_request_error', 'param': 'model', 'code': 'model_not_found'}}",,,,,,excel,,2,0,0,0
做一个自我介绍,chat,,0,,,,,,,,103,"APIError: Error code: 400 - {'error': {'message': 'Invalid model identifier ""aliyun/deepseek-v4-flash"". No matching loaded model found, and just-in-time (JIT) model loading is disabled. Ensure you have this model loaded first. JIT loading can be enabled in LM Studio Server Settings.', 'type': 'invalid_request_error', 'param': 'model', 'code': 'model_not_found'}}",,,,,,excel,,2,0,0,0
你们手续费是多少,chat,,0,,,,,,,,110,"APIError: Error code: 400 - {'error': {'message': 'Invalid model identifier ""aliyun/deepseek-v4-flash"". No matching loaded model found, and just-in-time (JIT) model loading is disabled. Ensure you have this model loaded first. JIT loading can be enabled in LM Studio Server Settings.', 'type': 'invalid_request_error', 'param': 'model', 'code': 'model_not_found'}}",,,,,,excel,,2,0,0,0
bid,chat,,0,,,,,,,,120,"APIError: Error code: 400 - {'error': {'message': 'Invalid model identifier ""aliyun/deepseek-v4-flash"". No matching loaded model found, and just-in-time (JIT) model loading is disabled. Ensure you have this model loaded first. JIT loading can be enabled in LM Studio Server Settings.', 'type': 'invalid_request_error', 'param': 'model', 'code': 'model_not_found'}}",,,,,,excel,,2,0,0,0
你们pb吃多少点,chat,,0,,,,,,,,70,"APIError: Error code: 400 - {'error': {'message': 'Invalid model identifier ""aliyun/deepseek-v4-flash"". No matching loaded model found, and just-in-time (JIT) model loading is disabled. Ensure you have this model loaded first. JIT loading can be enabled in LM Studio Server Settings.', 'type': 'invalid_request_error', 'param': 'model', 'code': 'model_not_found'}}",,,,,,excel,,2,0,0,0
你给推荐一下,chat,,0,,,,,,,,111,"APIError: Error code: 400 - {'error': {'message': 'Invalid model identifier ""aliyun/deepseek-v4-flash"". No matching loaded model found, and just-in-time (JIT) model loading is disabled. Ensure you have this model loaded first. JIT loading can be enabled in LM Studio Server Settings.', 'type': 'invalid_request_error', 'param': 'model', 'code': 'model_not_found'}}",,,,,,excel,,2,0,0,0
用的是什么策略,chat,,0,,,,,,,,146,"APIError: Error code: 400 - {'error': {'message': 'Invalid model identifier ""aliyun/deepseek-v4-flash"". No matching loaded model found, and just-in-time (JIT) model loading is disabled. Ensure you have this model loaded first. JIT loading can be enabled in LM Studio Server Settings.', 'type': 'invalid_request_error', 'param': 'model', 'code': 'model_not_found'}}",,,,,,excel,,2,0,0,0
你们有些什么债券,chat,,0,,,,,,,,117,"APIError: Error code: 400 - {'error': {'message': 'Invalid model identifier ""aliyun/deepseek-v4-flash"". No matching loaded model found, and just-in-time (JIT) model loading is disabled. Ensure you have this model loaded first. JIT loading can be enabled in LM Studio Server Settings.', 'type': 'invalid_request_error', 'param': 'model', 'code': 'model_not_found'}}",,,,,,excel,,2,0,0,0
你们上游叫什么,chat,,0,,,,,,,,81,"APIError: Error code: 400 - {'error': {'message': 'Invalid model identifier ""aliyun/deepseek-v4-flash"". No matching loaded model found, and just-in-time (JIT) model loading is disabled. Ensure you have this model loaded first. JIT loading can be enabled in LM Studio Server Settings.', 'type': 'invalid_request_error', 'param': 'model', 'code': 'model_not_found'}}",,,,,,excel,,2,0,0,0
债券5要素是指哪些,chat,,0,,,,,,,,180,"APIError: Error code: 400 - {'error': {'message': 'Invalid model identifier ""aliyun/deepseek-v4-flash"". No matching loaded model found, and just-in-time (JIT) model loading is disabled. Ensure you have this model loaded first. JIT loading can be enabled in LM Studio Server Settings.', 'type': 'invalid_request_error', 'param': 'model', 'code': 'model_not_found'}}",,,,,,excel,,2,0,0,0
怎么联系你们,chat,,0,,,,,,,,111,"APIError: Error code: 400 - {'error': {'message': 'Invalid model identifier ""aliyun/deepseek-v4-flash"". No matching loaded model found, and just-in-time (JIT) model loading is disabled. Ensure you have this model loaded first. JIT loading can be enabled in LM Studio Server Settings.', 'type': 'invalid_request_error', 'param': 'model', 'code': 'model_not_found'}}",,,,,,excel,,2,0,0,0
今天行情如何,chat,,0,,,,,,,,109,"APIError: Error code: 400 - {'error': {'message': 'Invalid model identifier ""aliyun/deepseek-v4-flash"". No matching loaded model found, and just-in-time (JIT) model loading is disabled. Ensure you have this model loaded first. JIT loading can be enabled in LM Studio Server Settings.', 'type': 'invalid_request_error', 'param': 'model', 'code': 'model_not_found'}}",,,,,,excel,,2,0,0,0
你们内部系统叫什么,chat,,0,,,,,,,,150,"APIError: Error code: 400 - {'error': {'message': 'Invalid model identifier ""aliyun/deepseek-v4-flash"". No matching loaded model found, and just-in-time (JIT) model loading is disabled. Ensure you have this model loaded first. JIT loading can be enabled in LM Studio Server Settings.', 'type': 'invalid_request_error', 'param': 'model', 'code': 'model_not_found'}}",,,,,,excel,,2,0,0,0
那你给我一份市场报告,chat,,0,,,,,,,,99,"APIError: Error code: 400 - {'error': {'message': 'Invalid model identifier ""aliyun/deepseek-v4-flash"". No matching loaded model found, and just-in-time (JIT) model loading is disabled. Ensure you have this model loaded first. JIT loading can be enabled in LM Studio Server Settings.', 'type': 'invalid_request_error', 'param': 'model', 'code': 'model_not_found'}}",,,,,,excel,,2,0,0,0
底层架构是java还是c+,chat,,0,,,,,,,,136,"APIError: Error code: 400 - {'error': {'message': 'Invalid model identifier ""aliyun/deepseek-v4-flash"". No matching loaded model found, and just-in-time (JIT) model loading is disabled. Ensure you have this model loaded first. JIT loading can be enabled in LM Studio Server Settings.', 'type': 'invalid_request_error', 'param': 'model', 'code': 'model_not_found'}}",,,,,,excel,,2,0,0,0
25国债,chat,,0,,,,,,,,101,"APIError: Error code: 400 - {'error': {'message': 'Invalid model identifier ""aliyun/deepseek-v4-flash"". No matching loaded model found, and just-in-time (JIT) model loading is disabled. Ensure you have this model loaded first. JIT loading can be enabled in LM Studio Server Settings.', 'type': 'invalid_request_error', 'param': 'model', 'code': 'model_not_found'}}",,,,,,excel,,2,0,0,0
我问的是债券 210210 行情,chat,,0,,,,,,,,125,"APIError: Error code: 400 - {'error': {'message': 'Invalid model identifier ""aliyun/deepseek-v4-flash"". No matching loaded model found, and just-in-time (JIT) model loading is disabled. Ensure you have this model loaded first. JIT loading can be enabled in LM Studio Server Settings.', 'type': 'invalid_request_error', 'param': 'model', 'code': 'model_not_found'}}",,,,,,excel,,2,0,0,0
19793,chat,,0,,,,,,,,136,"APIError: Error code: 400 - {'error': {'message': 'Invalid model identifier ""aliyun/deepseek-v4-flash"". No matching loaded model found, and just-in-time (JIT) model loading is disabled. Ensure you have this model loaded first. JIT loading can be enabled in LM Studio Server Settings.', 'type': 'invalid_request_error', 'param': 'model', 'code': 'model_not_found'}}",,,,,,excel,,2,0,0,0
我们成交后，去外汇中心结算吗,chat,,0,,,,,,,,122,"APIError: Error code: 400 - {'error': {'message': 'Invalid model identifier ""aliyun/deepseek-v4-flash"". No matching loaded model found, and just-in-time (JIT) model loading is disabled. Ensure you have this model loaded first. JIT loading can be enabled in LM Studio Server Settings.', 'type': 'invalid_request_error', 'param': 'model', 'code': 'model_not_found'}}",,,,,,excel,,2,0,0,0
价格没有,chat,,0,,,,,,,,116,"APIError: Error code: 400 - {'error': {'message': 'Invalid model identifier ""aliyun/deepseek-v4-flash"". No matching loaded model found, and just-in-time (JIT) model loading is disabled. Ensure you have this model loaded first. JIT loading can be enabled in LM Studio Server Settings.', 'type': 'invalid_request_error', 'param': 'model', 'code': 'model_not_found'}}",,,,,,excel,,2,0,0,0
bid是什么意思,chat,,0,,,,,,,,120,"APIError: Error code: 400 - {'error': {'message': 'Invalid model identifier ""aliyun/deepseek-v4-flash"". No matching loaded model found, and just-in-time (JIT) model loading is disabled. Ensure you have this model loaded first. JIT loading can be enabled in LM Studio Server Settings.', 'type': 'invalid_request_error', 'param': 'model', 'code': 'model_not_found'}}",,,,,,excel,,2,0,0,0
价格合适就行,chat,,0,,,,,,,,131,"APIError: Error code: 400 - {'error': {'message': 'Invalid model identifier ""aliyun/deepseek-v4-flash"". No matching loaded model found, and just-in-time (JIT) model loading is disabled. Ensure you have this model loaded first. JIT loading can be enabled in LM Studio Server Settings.', 'type': 'invalid_request_error', 'param': 'model', 'code': 'model_not_found'}}",,,,,,excel,,2,0,0,0
清算时间是什么格式,chat,,0,,,,,,,,131,"APIError: Error code: 400 - {'error': {'message': 'Invalid model identifier ""aliyun/deepseek-v4-flash"". No matching loaded model found, and just-in-time (JIT) model loading is disabled. Ensure you have this model loaded first. JIT loading can be enabled in LM Studio Server Settings.', 'type': 'invalid_request_error', 'param': 'model', 'code': 'model_not_found'}}",,,,,,excel,,2,0,0,0
市价,chat,,0,,,,,,,,79,"APIError: Error code: 400 - {'error': {'message': 'Invalid model identifier ""aliyun/deepseek-v4-flash"". No matching loaded model found, and just-in-time (JIT) model loading is disabled. Ensure you have this model loaded first. JIT loading can be enabled in LM Studio Server Settings.', 'type': 'invalid_request_error', 'param': 'model', 'code': 'model_not_found'}}",,,,,,excel,,2,0,0,0
我用净价还是收益率,chat,,0,,,,,,,,151,"APIError: Error code: 400 - {'error': {'message': 'Invalid model identifier ""aliyun/deepseek-v4-flash"". No matching loaded model found, and just-in-time (JIT) model loading is disabled. Ensure you have this model loaded first. JIT loading can be enabled in LM Studio Server Settings.', 'type': 'invalid_request_error', 'param': 'model', 'code': 'model_not_found'}}",,,,,,excel,,2,0,0,0
2026-03-01 00:00:00,chat,,0,,,,,,,,165,"APIError: Error code: 400 - {'error': {'message': 'Invalid model identifier ""aliyun/deepseek-v4-flash"". No matching loaded model found, and just-in-time (JIT) model loading is disabled. Ensure you have this model loaded first. JIT loading can be enabled in LM Studio Server Settings.', 'type': 'invalid_request_error', 'param': 'model', 'code': 'model_not_found'}}",,,,,,excel,,2,0,0,0
报价,chat,,0,,,,,,,,129,"APIError: Error code: 400 - {'error': {'message': 'Invalid model identifier ""aliyun/deepseek-v4-flash"". No matching loaded model found, and just-in-time (JIT) model loading is disabled. Ensure you have this model loaded first. JIT loading can be enabled in LM Studio Server Settings.', 'type': 'invalid_request_error', 'param': 'model', 'code': 'model_not_found'}}",,,,,,excel,,2,0,0,0
询价,chat,,0,,,,,,,,116,"APIError: Error code: 400 - {'error': {'message': 'Invalid model identifier ""aliyun/deepseek-v4-flash"". No matching loaded model found, and just-in-time (JIT) model loading is disabled. Ensure you have this model loaded first. JIT loading can be enabled in LM Studio Server Settings.', 'type': 'invalid_request_error', 'param': 'model', 'code': 'model_not_found'}}",,,,,,excel,,2,0,0,0
你需要什么样格式的报价,chat,,0,,,,,,,,61,"APIError: Error code: 400 - {'error': {'message': 'Invalid model identifier ""aliyun/deepseek-v4-flash"". No matching loaded model found, and just-in-time (JIT) model loading is disabled. Ensure you have this model loaded first. JIT loading can be enabled in LM Studio Server Settings.', 'type': 'invalid_request_error', 'param': 'model', 'code': 'model_not_found'}}",,,,,,excel,,2,0,0,0
你们那个券最活跃,chat,,0,,,,,,,,108,"APIError: Error code: 400 - {'error': {'message': 'Invalid model identifier ""aliyun/deepseek-v4-flash"". No matching loaded model found, and just-in-time (JIT) model loading is disabled. Ensure you have this model loaded first. JIT loading can be enabled in LM Studio Server Settings.', 'type': 'invalid_request_error', 'param': 'model', 'code': 'model_not_found'}}",,,,,,excel,,2,0,0,0
你把你们有的债券报价整理一份发我,chat,,0,,,,,,,,76,"APIError: Error code: 400 - {'error': {'message': 'Invalid model identifier ""aliyun/deepseek-v4-flash"". No matching loaded model found, and just-in-time (JIT) model loading is disabled. Ensure you have this model loaded first. JIT loading can be enabled in LM Studio Server Settings.', 'type': 'invalid_request_error', 'param': 'model', 'code': 'model_not_found'}}",,,,,,excel,,2,0,0,0
怎么没有价格,chat,,0,,,,,,,,128,"APIError: Error code: 400 - {'error': {'message': 'Invalid model identifier ""aliyun/deepseek-v4-flash"". No matching loaded model found, and just-in-time (JIT) model loading is disabled. Ensure you have this model loaded first. JIT loading can be enabled in LM Studio Server Settings.', 'type': 'invalid_request_error', 'param': 'model', 'code': 'model_not_found'}}",,,,,,excel,,2,0,0,0
还没整理好吗,chat,,0,,,,,,,,105,"APIError: Error code: 400 - {'error': {'message': 'Invalid model identifier ""aliyun/deepseek-v4-flash"". No matching loaded model found, and just-in-time (JIT) model loading is disabled. Ensure you have this model loaded first. JIT loading can be enabled in LM Studio Server Settings.', 'type': 'invalid_request_error', 'param': 'model', 'code': 'model_not_found'}}",,,,,,excel,,2,0,0,0
报价板官方网址,chat,,0,,,,,,,,80,"APIError: Error code: 400 - {'error': {'message': 'Invalid model identifier ""aliyun/deepseek-v4-flash"". No matching loaded model found, and just-in-time (JIT) model loading is disabled. Ensure you have this model loaded first. JIT loading can be enabled in LM Studio Server Settings.', 'type': 'invalid_request_error', 'param': 'model', 'code': 'model_not_found'}}",,,,,,excel,,2,0,0,0
晴天，我出门打伞是为什么,chat,,0,,,,,,,,106,"APIError: Error code: 400 - {'error': {'message': 'Invalid model identifier ""aliyun/deepseek-v4-flash"". No matching loaded model found, and just-in-time (JIT) model loading is disabled. Ensure you have this model loaded first. JIT loading can be enabled in LM Studio Server Settings.', 'type': 'invalid_request_error', 'param': 'model', 'code': 'model_not_found'}}",,,,,,excel,,2,0,0,0
有什么债券可以报价,chat,,0,,,,,,,,103,"APIError: Error code: 400 - {'error': {'message': 'Invalid model identifier ""aliyun/deepseek-v4-flash"". No matching loaded model found, and just-in-time (JIT) model loading is disabled. Ensure you have this model loaded first. JIT loading can be enabled in LM Studio Server Settings.', 'type': 'invalid_request_error', 'param': 'model', 'code': 'model_not_found'}}",,,,,,excel,,2,0,0,0
210210 bid 看看行情,chat,,0,,,,,,,,100,"APIError: Error code: 400 - {'error': {'message': 'Invalid model identifier ""aliyun/deepseek-v4-flash"". No matching loaded model found, and just-in-time (JIT) model loading is disabled. Ensure you have this model loaded first. JIT loading can be enabled in LM Studio Server Settings.', 'type': 'invalid_request_error', 'param': 'model', 'code': 'model_not_found'}}",,,,,,excel,,2,0,0,0
210210 bid 5k帮我成交,chat,,0,,,,,,,,109,"APIError: Error code: 400 - {'error': {'message': 'Invalid model identifier ""aliyun/deepseek-v4-flash"". No matching loaded model found, and just-in-time (JIT) model loading is disabled. Ensure you have this model loaded first. JIT loading can be enabled in LM Studio Server Settings.', 'type': 'invalid_request_error', 'param': 'model', 'code': 'model_not_found'}}",,,,,,excel,,2,0,0,0
帮我报个价,chat,,0,,,,,,,,77,"APIError: Error code: 400 - {'error': {'message': 'Invalid model identifier ""aliyun/deepseek-v4-flash"". No matching loaded model found, and just-in-time (JIT) model loading is disabled. Ensure you have this model loaded first. JIT loading can be enabled in LM Studio Server Settings.', 'type': 'invalid_request_error', 'param': 'model', 'code': 'model_not_found'}}",,,,,,excel,,2,0,0,0
利率债怎么交易,chat,,0,,,,,,,,116,"APIError: Error code: 400 - {'error': {'message': 'Invalid model identifier ""aliyun/deepseek-v4-flash"". No matching loaded model found, and just-in-time (JIT) model loading is disabled. Ensure you have this model loaded first. JIT loading can be enabled in LM Studio Server Settings.', 'type': 'invalid_request_error', 'param': 'model', 'code': 'model_not_found'}}",,,,,,excel,,2,0,0,0
uat 204的ws服务我这边可以关一下吗,chat,,0,,,,,,,,120,"APIError: Error code: 400 - {'error': {'message': 'Invalid model identifier ""aliyun/deepseek-v4-flash"". No matching loaded model found, and just-in-time (JIT) model loading is disabled. Ensure you have this model loaded first. JIT loading can be enabled in LM Studio Server Settings.', 'type': 'invalid_request_error', 'param': 'model', 'code': 'model_not_found'}}",,,,,,excel,,2,0,0,0
国债怎么交易,chat,,0,,,,,,,,114,"APIError: Error code: 400 - {'error': {'message': 'Invalid model identifier ""aliyun/deepseek-v4-flash"". No matching loaded model found, and just-in-time (JIT) model loading is disabled. Ensure you have this model loaded first. JIT loading can be enabled in LM Studio Server Settings.', 'type': 'invalid_request_error', 'param': 'model', 'code': 'model_not_found'}}",,,,,,excel,,2,0,0,0
Bid 220007.IB 2D  1.9003 4000万 今+1 aaa,bond_inquiry,,0,,,,,,,,138,"APIError: Error code: 400 - {'error': {'message': 'Invalid model identifier ""aliyun/deepseek-v4-flash"". No matching loaded model found, and just-in-time (JIT) model loading is disabled. Ensure you have this model loaded first. JIT loading can be enabled in LM Studio Server Settings.', 'type': 'invalid_request_error', 'param': 'model', 'code': 'model_not_found'}}",,,,,,excel,,2,0,0,0
203D Bid 220007.IB   1.9003 4000万 今+1 aaa,bond_inquiry,,0,,,,,,,,105,"APIError: Error code: 400 - {'error': {'message': 'Invalid model identifier ""aliyun/deepseek-v4-flash"". No matching loaded model found, and just-in-time (JIT) model loading is disabled. Ensure you have this model loaded first. JIT loading can be enabled in LM Studio Server Settings.', 'type': 'invalid_request_error', 'param': 'model', 'code': 'model_not_found'}}",,,,,,excel,,2,0,0,0
Bid 220007.IB  203D 1.9003 4000万 今+1 aaa,bond_inquiry,,0,,,,,,,,121,"APIError: Error code: 400 - {'error': {'message': 'Invalid model identifier ""aliyun/deepseek-v4-flash"". No matching loaded model found, and just-in-time (JIT) model loading is disabled. Ensure you have this model loaded first. JIT loading can be enabled in LM Studio Server Settings.', 'type': 'invalid_request_error', 'param': 'model', 'code': 'model_not_found'}}",,,,,,excel,,2,0,0,0
Bid 220007.IB  3M 1.9003 4000万 今+1 aaa,bond_inquiry,,0,,,,,,,,92,"APIError: Error code: 400 - {'error': {'message': 'Invalid model identifier ""aliyun/deepseek-v4-flash"". No matching loaded model found, and just-in-time (JIT) model loading is disabled. Ensure you have this model loaded first. JIT loading can be enabled in LM Studio Server Settings.', 'type': 'invalid_request_error', 'param': 'model', 'code': 'model_not_found'}}",,,,,,excel,,2,0,0,0
Bid 220007.IB  6.3Y 1.9003 4000万 今+1 aaa,bond_inquiry,,0,,,,,,,,137,"APIError: Error code: 400 - {'error': {'message': 'Invalid model identifier ""aliyun/deepseek-v4-flash"". No matching loaded model found, and just-in-time (JIT) model loading is disabled. Ensure you have this model loaded first. JIT loading can be enabled in LM Studio Server Settings.', 'type': 'invalid_request_error', 'param': 'model', 'code': 'model_not_found'}}",,,,,,excel,,2,0,0,0
Bid 220007.IB   1.9003    4000万   1.213Y 今+1 订单有效期3min,bond_inquiry,,0,,,,,,,,115,"APIError: Error code: 400 - {'error': {'message': 'Invalid model identifier ""aliyun/deepseek-v4-flash"". No matching loaded model found, and just-in-time (JIT) model loading is disabled. Ensure you have this model loaded first. JIT loading can be enabled in LM Studio Server Settings.', 'type': 'invalid_request_error', 'param': 'model', 'code': 'model_not_found'}}",,,,,,excel,,2,0,0,0
Bid 220007.IB   4000万   1.213年 今+1 订单有效期3min,bond_inquiry,,0,,,,,,,,76,"APIError: Error code: 400 - {'error': {'message': 'Invalid model identifier ""aliyun/deepseek-v4-flash"". No matching loaded model found, and just-in-time (JIT) model loading is disabled. Ensure you have this model loaded first. JIT loading can be enabled in LM Studio Server Settings.', 'type': 'invalid_request_error', 'param': 'model', 'code': 'model_not_found'}}",,,,,,excel,,2,0,0,0
Bid 220007.IB   4000万   1.231Y  今+1 订单有效期3min,bond_inquiry,,0,,,,,,,,176,"APIError: Error code: 400 - {'error': {'message': 'Invalid model identifier ""aliyun/deepseek-v4-flash"". No matching loaded model found, and just-in-time (JIT) model loading is disabled. Ensure you have this model loaded first. JIT loading can be enabled in LM Studio Server Settings.', 'type': 'invalid_request_error', 'param': 'model', 'code': 'model_not_found'}}",,,,,,excel,,2,0,0,0
Bid 220007.IB   4000万   1.231y  今+1 订单有效期3min,bond_inquiry,,0,,,,,,,,99,"APIError: Error code: 400 - {'error': {'message': 'Invalid model identifier ""aliyun/deepseek-v4-flash"". No matching loaded model found, and just-in-time (JIT) model loading is disabled. Ensure you have this model loaded first. JIT loading can be enabled in LM Studio Server Settings.', 'type': 'invalid_request_error', 'param': 'model', 'code': 'model_not_found'}}",,,,,,excel,,2,0,0,0
爱的赛  Bid 220007.IB   4000万   1.231y  今+1 订单有效期3min,bond_inquiry,,0,,,,,,,,117,"APIError: Error code: 400 - {'error': {'message': 'Invalid model identifier ""aliyun/deepseek-v4-flash"". No matching loaded model found, and just-in-time (JIT) model loading is disabled. Ensure you have this model loaded first. JIT loading can be enabled in LM Studio Server Settings.', 'type': 'invalid_request_error', 'param': 'model', 'code': 'model_not_found'}}",,,,,,excel,,2,0,0,0
2.272%  ofr 2500006 1E 明天+0,bond_inquiry,,0,,,,,,,,113,"APIError: Error code: 400 - {'error': {'message': 'Invalid model identifier ""aliyun/deepseek-v4-flash"". No matching loaded model found, and just-in-time (JIT) model loading is disabled. Ensure you have this model loaded first. JIT loading can be enabled in LM Studio Server Settings.', 'type': 'invalid_request_error', 'param': 'model', 'code': 'model_not_found'}}",,,,,,excel,,2,0,0,0
2.272%  ofr 250006 1E 明天+0,bond_inquiry,,0,,,,,,,,74,"APIError: Error code: 400 - {'error': {'message': 'Invalid model identifier ""aliyun/deepseek-v4-flash"". No matching loaded model found, and just-in-time (JIT) model loading is disabled. Ensure you have this model loaded first. JIT loading can be enabled in LM Studio Server Settings.', 'type': 'invalid_request_error', 'param': 'model', 'code': 'model_not_found'}}",,,,,,excel,,2,0,0,0
ref,bond_inquiry,,0,,,,all,,0,,90,"APIError: Error code: 400 - {'error': {'message': 'Invalid model identifier ""aliyun/deepseek-v4-flash"". No matching loaded model found, and just-in-time (JIT) model loading is disabled. Ensure you have this model loaded first. JIT loading can be enabled in LM Studio Server Settings.', 'type': 'invalid_request_error', 'param': 'model', 'code': 'model_not_found'}}",,,,,,excel,,2,0,0,0
ref all,bond_inquiry,,0,,,,all,,0,,80,"APIError: Error code: 400 - {'error': {'message': 'Invalid model identifier ""aliyun/deepseek-v4-flash"". No matching loaded model found, and just-in-time (JIT) model loading is disabled. Ensure you have this model loaded first. JIT loading can be enabled in LM Studio Server Settings.', 'type': 'invalid_request_error', 'param': 'model', 'code': 'model_not_found'}}",,,,,,excel,,2,0,0,0
撤单,bond_inquiry,,0,,,,all,,0,,124,"APIError: Error code: 400 - {'error': {'message': 'Invalid model identifier ""aliyun/deepseek-v4-flash"". No matching loaded model found, and just-in-time (JIT) model loading is disabled. Ensure you have this model loaded first. JIT loading can be enabled in LM Studio Server Settings.', 'type': 'invalid_request_error', 'param': 'model', 'code': 'model_not_found'}}",,,,,,excel,,2,0,0,0
all ref,bond_inquiry,,0,,,,all,,0,,127,"APIError: Error code: 400 - {'error': {'message': 'Invalid model identifier ""aliyun/deepseek-v4-flash"". No matching loaded model found, and just-in-time (JIT) model loading is disabled. Ensure you have this model loaded first. JIT loading can be enabled in LM Studio Server Settings.', 'type': 'invalid_request_error', 'param': 'model', 'code': 'model_not_found'}}",,,,,,excel,,2,0,0,0
ref 债券,bond_inquiry,,0,,,,specified,,0,,74,"APIError: Error code: 400 - {'error': {'message': 'Invalid model identifier ""aliyun/deepseek-v4-flash"". No matching loaded model found, and just-in-time (JIT) model loading is disabled. Ensure you have this model loaded first. JIT loading can be enabled in LM Studio Server Settings.', 'type': 'invalid_request_error', 'param': 'model', 'code': 'model_not_found'}}",,,,,,excel,,2,0,0,0
ref 方向,bond_inquiry,,0,,,,specified,,0,,135,"APIError: Error code: 400 - {'error': {'message': 'Invalid model identifier ""aliyun/deepseek-v4-flash"". No matching loaded model found, and just-in-time (JIT) model loading is disabled. Ensure you have this model loaded first. JIT loading can be enabled in LM Studio Server Settings.', 'type': 'invalid_request_error', 'param': 'model', 'code': 'model_not_found'}}",,,,,,excel,,2,0,0,0
ref 价格,bond_inquiry,,0,,,,specified,,0,,172,"APIError: Error code: 400 - {'error': {'message': 'Invalid model identifier ""aliyun/deepseek-v4-flash"". No matching loaded model found, and just-in-time (JIT) model loading is disabled. Ensure you have this model loaded first. JIT loading can be enabled in LM Studio Server Settings.', 'type': 'invalid_request_error', 'param': 'model', 'code': 'model_not_found'}}",,,,,,excel,,2,0,0,0
ref 量,bond_inquiry,,0,,,,specified,,0,,138,"APIError: Error code: 400 - {'error': {'message': 'Invalid model identifier ""aliyun/deepseek-v4-flash"". No matching loaded model found, and just-in-time (JIT) model loading is disabled. Ensure you have this model loaded first. JIT loading can be enabled in LM Studio Server Settings.', 'type': 'invalid_request_error', 'param': 'model', 'code': 'model_not_found'}}",,,,,,excel,,2,0,0,0
ref 清算时间,bond_inquiry,,0,,,,specified,,0,,101,"APIError: Error code: 400 - {'error': {'message': 'Invalid model identifier ""aliyun/deepseek-v4-flash"". No matching loaded model found, and just-in-time (JIT) model loading is disabled. Ensure you have this model loaded first. JIT loading can be enabled in LM Studio Server Settings.', 'type': 'invalid_request_error', 'param': 'model', 'code': 'model_not_found'}}",,,,,,excel,,2,0,0,0
帮我撤单,bond_inquiry,,0,,,,all,,0,,67,"APIError: Error code: 400 - {'error': {'message': 'Invalid model identifier ""aliyun/deepseek-v4-flash"". No matching loaded model found, and just-in-time (JIT) model loading is disabled. Ensure you have this model loaded first. JIT loading can be enabled in LM Studio Server Settings.', 'type': 'invalid_request_error', 'param': 'model', 'code': 'model_not_found'}}",,,,,,excel,,2,0,0,0
ref 清算时间+量,bond_inquiry,,0,,,,specified,,0,,132,"APIError: Error code: 400 - {'error': {'message': 'Invalid model identifier ""aliyun/deepseek-v4-flash"". No matching loaded model found, and just-in-time (JIT) model loading is disabled. Ensure you have this model loaded first. JIT loading can be enabled in LM Studio Server Settings.', 'type': 'invalid_request_error', 'param': 'model', 'code': 'model_not_found'}}",,,,,,excel,,2,0,0,0
ref 清算时间+量+方向,bond_inquiry,,0,,,,specified,,0,,96,"APIError: Error code: 400 - {'error': {'message': 'Invalid model identifier ""aliyun/deepseek-v4-flash"". No matching loaded model found, and just-in-time (JIT) model loading is disabled. Ensure you have this model loaded first. JIT loading can be enabled in LM Studio Server Settings.', 'type': 'invalid_request_error', 'param': 'model', 'code': 'model_not_found'}}",,,,,,excel,,2,0,0,0
ref 清算时间+量+方向+价格,bond_inquiry,,0,,,,specified,,0,,64,"APIError: Error code: 400 - {'error': {'message': 'Invalid model identifier ""aliyun/deepseek-v4-flash"". No matching loaded model found, and just-in-time (JIT) model loading is disabled. Ensure you have this model loaded first. JIT loading can be enabled in LM Studio Server Settings.', 'type': 'invalid_request_error', 'param': 'model', 'code': 'model_not_found'}}",,,,,,excel,,2,0,0,0
订单,bond_query,,0,all,,0,,,,,120,"APIError: Error code: 400 - {'error': {'message': 'Invalid model identifier ""aliyun/deepseek-v4-flash"". No matching loaded model found, and just-in-time (JIT) model loading is disabled. Ensure you have this model loaded first. JIT loading can be enabled in LM Studio Server Settings.', 'type': 'invalid_request_error', 'param': 'model', 'code': 'model_not_found'}}",,,,,,excel,,2,0,0,0
我的订单,bond_query,,0,all,,0,,,,,97,"APIError: Error code: 400 - {'error': {'message': 'Invalid model identifier ""aliyun/deepseek-v4-flash"". No matching loaded model found, and just-in-time (JIT) model loading is disabled. Ensure you have this model loaded first. JIT loading can be enabled in LM Studio Server Settings.', 'type': 'invalid_request_error', 'param': 'model', 'code': 'model_not_found'}}",,,,,,excel,,2,0,0,0
订单怎么样,bond_query,,0,all,,0,,,,,180,"APIError: Error code: 400 - {'error': {'message': 'Invalid model identifier ""aliyun/deepseek-v4-flash"". No matching loaded model found, and just-in-time (JIT) model loading is disabled. Ensure you have this model loaded first. JIT loading can be enabled in LM Studio Server Settings.', 'type': 'invalid_request_error', 'param': 'model', 'code': 'model_not_found'}}",,,,,,excel,,2,0,0,0
我的报单,bond_query,,0,all,,0,,,,,147,"APIError: Error code: 400 - {'error': {'message': 'Invalid model identifier ""aliyun/deepseek-v4-flash"". No matching loaded model found, and just-in-time (JIT) model loading is disabled. Ensure you have this model loaded first. JIT loading can be enabled in LM Studio Server Settings.', 'type': 'invalid_request_error', 'param': 'model', 'code': 'model_not_found'}}",,,,,,excel,,2,0,0,0
我的报价,bond_query,,0,all,,0,,,,,89,"APIError: Error code: 400 - {'error': {'message': 'Invalid model identifier ""aliyun/deepseek-v4-flash"". No matching loaded model found, and just-in-time (JIT) model loading is disabled. Ensure you have this model loaded first. JIT loading can be enabled in LM Studio Server Settings.', 'type': 'invalid_request_error', 'param': 'model', 'code': 'model_not_found'}}",,,,,,excel,,2,0,0,0
我今天有什么单,bond_query,,0,all,,0,,,,,98,"APIError: Error code: 400 - {'error': {'message': 'Invalid model identifier ""aliyun/deepseek-v4-flash"". No matching loaded model found, and just-in-time (JIT) model loading is disabled. Ensure you have this model loaded first. JIT loading can be enabled in LM Studio Server Settings.', 'type': 'invalid_request_error', 'param': 'model', 'code': 'model_not_found'}}",,,,,,excel,,2,0,0,0
今日订单成交情况,bond_query,,0,completed,,0,,,,,70,"APIError: Error code: 400 - {'error': {'message': 'Invalid model identifier ""aliyun/deepseek-v4-flash"". No matching loaded model found, and just-in-time (JIT) model loading is disabled. Ensure you have this model loaded first. JIT loading can be enabled in LM Studio Server Settings.', 'type': 'invalid_request_error', 'param': 'model', 'code': 'model_not_found'}}",,,,,,excel,,2,0,0,0
看看今日的全部操作,bond_query,,0,all,,0,,,,,91,"APIError: Error code: 400 - {'error': {'message': 'Invalid model identifier ""aliyun/deepseek-v4-flash"". No matching loaded model found, and just-in-time (JIT) model loading is disabled. Ensure you have this model loaded first. JIT loading can be enabled in LM Studio Server Settings.', 'type': 'invalid_request_error', 'param': 'model', 'code': 'model_not_found'}}",,,,,,excel,,2,0,0,0
查询今日操作记录,bond_query,,0,all,,0,,,,,99,"APIError: Error code: 400 - {'error': {'message': 'Invalid model identifier ""aliyun/deepseek-v4-flash"". No matching loaded model found, and just-in-time (JIT) model loading is disabled. Ensure you have this model loaded first. JIT loading can be enabled in LM Studio Server Settings.', 'type': 'invalid_request_error', 'param': 'model', 'code': 'model_not_found'}}",,,,,,excel,,2,0,0,0
查询订单,bond_query,,0,all,,0,,,,,96,"APIError: Error code: 400 - {'error': {'message': 'Invalid model identifier ""aliyun/deepseek-v4-flash"". No matching loaded model found, and just-in-time (JIT) model loading is disabled. Ensure you have this model loaded first. JIT loading can be enabled in LM Studio Server Settings.', 'type': 'invalid_request_error', 'param': 'model', 'code': 'model_not_found'}}",,,,,,excel,,2,0,0,0
订单状态,bond_query,,0,all,,0,,,,,94,"APIError: Error code: 400 - {'error': {'message': 'Invalid model identifier ""aliyun/deepseek-v4-flash"". No matching loaded model found, and just-in-time (JIT) model loading is disabled. Ensure you have this model loaded first. JIT loading can be enabled in LM Studio Server Settings.', 'type': 'invalid_request_error', 'param': 'model', 'code': 'model_not_found'}}",,,,,,excel,,2,0,0,0
我的订单到哪一步了,bond_query,,0,all,,0,,,,,99,"APIError: Error code: 400 - {'error': {'message': 'Invalid model identifier ""aliyun/deepseek-v4-flash"". No matching loaded model found, and just-in-time (JIT) model loading is disabled. Ensure you have this model loaded first. JIT loading can be enabled in LM Studio Server Settings.', 'type': 'invalid_request_error', 'param': 'model', 'code': 'model_not_found'}}",,,,,,excel,,2,0,0,0
成了吗,bond_query,,0,all,,0,,,,,77,"APIError: Error code: 400 - {'error': {'message': 'Invalid model identifier ""aliyun/deepseek-v4-flash"". No matching loaded model found, and just-in-time (JIT) model loading is disabled. Ensure you have this model loaded first. JIT loading can be enabled in LM Studio Server Settings.', 'type': 'invalid_request_error', 'param': 'model', 'code': 'model_not_found'}}",,,,,,excel,,2,0,0,0
撤了吗,bond_query,,0,all,,0,,,,,120,"APIError: Error code: 400 - {'error': {'message': 'Invalid model identifier ""aliyun/deepseek-v4-flash"". No matching loaded model found, and just-in-time (JIT) model loading is disabled. Ensure you have this model loaded first. JIT loading can be enabled in LM Studio Server Settings.', 'type': 'invalid_request_error', 'param': 'model', 'code': 'model_not_found'}}",,,,,,excel,,2,0,0,0
成交情况,bond_query,,0,pending,,0,,,,,134,"APIError: Error code: 400 - {'error': {'message': 'Invalid model identifier ""aliyun/deepseek-v4-flash"". No matching loaded model found, and just-in-time (JIT) model loading is disabled. Ensure you have this model loaded first. JIT loading can be enabled in LM Studio Server Settings.', 'type': 'invalid_request_error', 'param': 'model', 'code': 'model_not_found'}}",,,,,,excel,,2,0,0,0
我之前的买入操作是否成功了,bond_query,,0,completed,,0,,,,,153,"APIError: Error code: 400 - {'error': {'message': 'Invalid model identifier ""aliyun/deepseek-v4-flash"". No matching loaded model found, and just-in-time (JIT) model loading is disabled. Ensure you have this model loaded first. JIT loading can be enabled in LM Studio Server Settings.', 'type': 'invalid_request_error', 'param': 'model', 'code': 'model_not_found'}}",,,,,,excel,,2,0,0,0
我之前的卖出操作是否成功了,bond_query,,0,completed,,0,,,,,120,"APIError: Error code: 400 - {'error': {'message': 'Invalid model identifier ""aliyun/deepseek-v4-flash"". No matching loaded model found, and just-in-time (JIT) model loading is disabled. Ensure you have this model loaded first. JIT loading can be enabled in LM Studio Server Settings.', 'type': 'invalid_request_error', 'param': 'model', 'code': 'model_not_found'}}",,,,,,excel,,2,0,0,0
我的单子还没成交吗,bond_query,,0,all,,0,,,,,45,"APIError: Error code: 400 - {'error': {'message': 'Invalid model identifier ""aliyun/deepseek-v4-flash"". No matching loaded model found, and just-in-time (JIT) model loading is disabled. Ensure you have this model loaded first. JIT loading can be enabled in LM Studio Server Settings.', 'type': 'invalid_request_error', 'param': 'model', 'code': 'model_not_found'}}",,,,,,excel,,2,0,0,0
为什么还没成交,bond_query,,0,all,,0,,,,,132,"APIError: Error code: 400 - {'error': {'message': 'Invalid model identifier ""aliyun/deepseek-v4-flash"". No matching loaded model found, and just-in-time (JIT) model loading is disabled. Ensure you have this model loaded first. JIT loading can be enabled in LM Studio Server Settings.', 'type': 'invalid_request_error', 'param': 'model', 'code': 'model_not_found'}}",,,,,,excel,,2,0,0,0
我的单子挂上了吗,bond_query,,0,all,,0,,,,,196,"APIError: Error code: 400 - {'error': {'message': 'Invalid model identifier ""aliyun/deepseek-v4-flash"". No matching loaded model found, and just-in-time (JIT) model loading is disabled. Ensure you have this model loaded first. JIT loading can be enabled in LM Studio Server Settings.', 'type': 'invalid_request_error', 'param': 'model', 'code': 'model_not_found'}}",,,,,,excel,,2,0,0,0
（债券代码）挂上了吗,bond_query,,0,all,,0,,,,,115,"APIError: Error code: 400 - {'error': {'message': 'Invalid model identifier ""aliyun/deepseek-v4-flash"". No matching loaded model found, and just-in-time (JIT) model loading is disabled. Ensure you have this model loaded first. JIT loading can be enabled in LM Studio Server Settings.', 'type': 'invalid_request_error', 'param': 'model', 'code': 'model_not_found'}}",,,,,,excel,,2,0,0,0
我撤单成功了吗,bond_query,,0,all,,0,,,,,104,"APIError: Error code: 400 - {'error': {'message': 'Invalid model identifier ""aliyun/deepseek-v4-flash"". No matching loaded model found, and just-in-time (JIT) model loading is disabled. Ensure you have this model loaded first. JIT loading can be enabled in LM Studio Server Settings.', 'type': 'invalid_request_error', 'param': 'model', 'code': 'model_not_found'}}",,,,,,excel,,2,0,0,0
查询已成交订单,bond_query,,0,completed,,0,,,,,105,"APIError: Error code: 400 - {'error': {'message': 'Invalid model identifier ""aliyun/deepseek-v4-flash"". No matching loaded model found, and just-in-time (JIT) model loading is disabled. Ensure you have this model loaded first. JIT loading can be enabled in LM Studio Server Settings.', 'type': 'invalid_request_error', 'param': 'model', 'code': 'model_not_found'}}",,,,,,excel,,2,0,0,0
查询已撤单订单,bond_query,,0,all,,0,,,,,136,"APIError: Error code: 400 - {'error': {'message': 'Invalid model identifier ""aliyun/deepseek-v4-flash"". No matching loaded model found, and just-in-time (JIT) model loading is disabled. Ensure you have this model loaded first. JIT loading can be enabled in LM Studio Server Settings.', 'type': 'invalid_request_error', 'param': 'model', 'code': 'model_not_found'}}",,,,,,excel,,2,0,0,0
查询进行中订单,bond_query,,0,pending,,0,,,,,145,"APIError: Error code: 400 - {'error': {'message': 'Invalid model identifier ""aliyun/deepseek-v4-flash"". No matching loaded model found, and just-in-time (JIT) model loading is disabled. Ensure you have this model loaded first. JIT loading can be enabled in LM Studio Server Settings.', 'type': 'invalid_request_error', 'param': 'model', 'code': 'model_not_found'}}",,,,,,excel,,2,0,0,0
帮我看看还有没有没成交的订单,bond_query,,0,pending,,0,,,,,128,"APIError: Error code: 400 - {'error': {'message': 'Invalid model identifier ""aliyun/deepseek-v4-flash"". No matching loaded model found, and just-in-time (JIT) model loading is disabled. Ensure you have this model loaded first. JIT loading can be enabled in LM Studio Server Settings.', 'type': 'invalid_request_error', 'param': 'model', 'code': 'model_not_found'}}",,,,,,excel,,2,0,0,0
在挂订单有哪些,bond_query,,0,pending,,0,,,,,164,"APIError: Error code: 400 - {'error': {'message': 'Invalid model identifier ""aliyun/deepseek-v4-flash"". No matching loaded model found, and just-in-time (JIT) model loading is disabled. Ensure you have this model loaded first. JIT loading can be enabled in LM Studio Server Settings.', 'type': 'invalid_request_error', 'param': 'model', 'code': 'model_not_found'}}",,,,,,excel,,2,0,0,0
成了的订单有哪些,bond_query,,0,completed,,0,,,,,104,"APIError: Error code: 400 - {'error': {'message': 'Invalid model identifier ""aliyun/deepseek-v4-flash"". No matching loaded model found, and just-in-time (JIT) model loading is disabled. Ensure you have this model loaded first. JIT loading can be enabled in LM Studio Server Settings.', 'type': 'invalid_request_error', 'param': 'model', 'code': 'model_not_found'}}",,,,,,excel,,2,0,0,0
bid在挂有哪些单？,bond_query,,0,pending,,0,,,,,138,"APIError: Error code: 400 - {'error': {'message': 'Invalid model identifier ""aliyun/deepseek-v4-flash"". No matching loaded model found, and just-in-time (JIT) model loading is disabled. Ensure you have this model loaded first. JIT loading can be enabled in LM Studio Server Settings.', 'type': 'invalid_request_error', 'param': 'model', 'code': 'model_not_found'}}",,,,,,excel,,2,0,0,0
ofr在挂有哪些单？,bond_query,,0,pending,,0,,,,,129,"APIError: Error code: 400 - {'error': {'message': 'Invalid model identifier ""aliyun/deepseek-v4-flash"". No matching loaded model found, and just-in-time (JIT) model loading is disabled. Ensure you have this model loaded first. JIT loading can be enabled in LM Studio Server Settings.', 'type': 'invalid_request_error', 'param': 'model', 'code': 'model_not_found'}}",,,,,,excel,,2,0,0,0
请汇总今天已完成的订单,bond_query,,0,completed,,0,,,,,150,"APIError: Error code: 400 - {'error': {'message': 'Invalid model identifier ""aliyun/deepseek-v4-flash"". No matching loaded model found, and just-in-time (JIT) model loading is disabled. Ensure you have this model loaded first. JIT loading can be enabled in LM Studio Server Settings.', 'type': 'invalid_request_error', 'param': 'model', 'code': 'model_not_found'}}",,,,,,excel,,2,0,0,0
交易汇总,bond_query,,0,all,,0,,,,,168,"APIError: Error code: 400 - {'error': {'message': 'Invalid model identifier ""aliyun/deepseek-v4-flash"". No matching loaded model found, and just-in-time (JIT) model loading is disabled. Ensure you have this model loaded first. JIT loading can be enabled in LM Studio Server Settings.', 'type': 'invalid_request_error', 'param': 'model', 'code': 'model_not_found'}}",,,,,,excel,,2,0,0,0
汇总交易,bond_query,,0,all,,0,,,,,127,"APIError: Error code: 400 - {'error': {'message': 'Invalid model identifier ""aliyun/deepseek-v4-flash"". No matching loaded model found, and just-in-time (JIT) model loading is disabled. Ensure you have this model loaded first. JIT loading can be enabled in LM Studio Server Settings.', 'type': 'invalid_request_error', 'param': 'model', 'code': 'model_not_found'}}",,,,,,excel,,2,0,0,0
交易情况,bond_query,,0,all,,0,,,,,154,"APIError: Error code: 400 - {'error': {'message': 'Invalid model identifier ""aliyun/deepseek-v4-flash"". No matching loaded model found, and just-in-time (JIT) model loading is disabled. Ensure you have this model loaded first. JIT loading can be enabled in LM Studio Server Settings.', 'type': 'invalid_request_error', 'param': 'model', 'code': 'model_not_found'}}",,,,,,excel,,2,0,0,0
交易状态,bond_query,,0,all,,0,,,,,157,"APIError: Error code: 400 - {'error': {'message': 'Invalid model identifier ""aliyun/deepseek-v4-flash"". No matching loaded model found, and just-in-time (JIT) model loading is disabled. Ensure you have this model loaded first. JIT loading can be enabled in LM Studio Server Settings.', 'type': 'invalid_request_error', 'param': 'model', 'code': 'model_not_found'}}",,,,,,excel,,2,0,0,0
买入/卖出操作是否执行,bond_query,,0,all,,0,,,,,171,"APIError: Error code: 400 - {'error': {'message': 'Invalid model identifier ""aliyun/deepseek-v4-flash"". No matching loaded model found, and just-in-time (JIT) model loading is disabled. Ensure you have this model loaded first. JIT loading can be enabled in LM Studio Server Settings.', 'type': 'invalid_request_error', 'param': 'model', 'code': 'model_not_found'}}",,,,,,excel,,2,0,0,0
今天成交了多少,bond_query,,0,completed,,0,,,,,145,"APIError: Error code: 400 - {'error': {'message': 'Invalid model identifier ""aliyun/deepseek-v4-flash"". No matching loaded model found, and just-in-time (JIT) model loading is disabled. Ensure you have this model loaded first. JIT loading can be enabled in LM Studio Server Settings.', 'type': 'invalid_request_error', 'param': 'model', 'code': 'model_not_found'}}",,,,,,excel,,2,0,0,0
成了多少单,bond_query,,0,completed,,0,,,,,113,"APIError: Error code: 400 - {'error': {'message': 'Invalid model identifier ""aliyun/deepseek-v4-flash"". No matching loaded model found, and just-in-time (JIT) model loading is disabled. Ensure you have this model loaded first. JIT loading can be enabled in LM Studio Server Settings.', 'type': 'invalid_request_error', 'param': 'model', 'code': 'model_not_found'}}",,,,,,excel,,2,0,0,0
交易怎么样,bond_query,,0,all,,0,,,,,174,"APIError: Error code: 400 - {'error': {'message': 'Invalid model identifier ""aliyun/deepseek-v4-flash"". No matching loaded model found, and just-in-time (JIT) model loading is disabled. Ensure you have this model loaded first. JIT loading can be enabled in LM Studio Server Settings.', 'type': 'invalid_request_error', 'param': 'model', 'code': 'model_not_found'}}",,,,,,excel,,2,0,0,0
之前的操作/订单/交易都好了吗,bond_query,,0,all,,0,,,,,106,"APIError: Error code: 400 - {'error': {'message': 'Invalid model identifier ""aliyun/deepseek-v4-flash"". No matching loaded model found, and just-in-time (JIT) model loading is disabled. Ensure you have this model loaded first. JIT loading can be enabled in LM Studio Server Settings.', 'type': 'invalid_request_error', 'param': 'model', 'code': 'model_not_found'}}",,,,,,excel,,2,0,0,0
交易顺利吗,bond_query,,0,all,,0,,,,,112,"APIError: Error code: 400 - {'error': {'message': 'Invalid model identifier ""aliyun/deepseek-v4-flash"". No matching loaded model found, and just-in-time (JIT) model loading is disabled. Ensure you have this model loaded first. JIT loading can be enabled in LM Studio Server Settings.', 'type': 'invalid_request_error', 'param': 'model', 'code': 'model_not_found'}}",,,,,,excel,,2,0,0,0
成交记录,bond_query,,0,completed,,0,,,,,130,"APIError: Error code: 400 - {'error': {'message': 'Invalid model identifier ""aliyun/deepseek-v4-flash"". No matching loaded model found, and just-in-time (JIT) model loading is disabled. Ensure you have this model loaded first. JIT loading can be enabled in LM Studio Server Settings.', 'type': 'invalid_request_error', 'param': 'model', 'code': 'model_not_found'}}",,,,,,excel,,2,0,0,0
交易记录,bond_query,,0,all,,0,,,,,135,"APIError: Error code: 400 - {'error': {'message': 'Invalid model identifier ""aliyun/deepseek-v4-flash"". No matching loaded model found, and just-in-time (JIT) model loading is disabled. Ensure you have this model loaded first. JIT loading can be enabled in LM Studio Server Settings.', 'type': 'invalid_request_error', 'param': 'model', 'code': 'model_not_found'}}",,,,,,excel,,2,0,0,0
交易/订单明细,bond_query,,0,all,,0,,,,,193,"APIError: Error code: 400 - {'error': {'message': 'Invalid model identifier ""aliyun/deepseek-v4-flash"". No matching loaded model found, and just-in-time (JIT) model loading is disabled. Ensure you have this model loaded first. JIT loading can be enabled in LM Studio Server Settings.', 'type': 'invalid_request_error', 'param': 'model', 'code': 'model_not_found'}}",,,,,,excel,,2,0,0,0
查询交易/交易查询,bond_query,,0,all,,0,,,,,156,"APIError: Error code: 400 - {'error': {'message': 'Invalid model identifier ""aliyun/deepseek-v4-flash"". No matching loaded model found, and just-in-time (JIT) model loading is disabled. Ensure you have this model loaded first. JIT loading can be enabled in LM Studio Server Settings.', 'type': 'invalid_request_error', 'param': 'model', 'code': 'model_not_found'}}",,,,,,excel,,2,0,0,0
修改发XX请求,transfer_human,,0,,,,,,,,99,"APIError: Error code: 400 - {'error': {'message': 'Invalid model identifier ""aliyun/deepseek-v4-flash"". No matching loaded model found, and just-in-time (JIT) model loading is disabled. Ensure you have this model loaded first. JIT loading can be enabled in LM Studio Server Settings.', 'type': 'invalid_request_error', 'param': 'model', 'code': 'model_not_found'}}",,,,,,excel,,2,0,0,0
改为发XX请求,transfer_human,,0,,,,,,,,106,"APIError: Error code: 400 - {'error': {'message': 'Invalid model identifier ""aliyun/deepseek-v4-flash"". No matching loaded model found, and just-in-time (JIT) model loading is disabled. Ensure you have this model loaded first. JIT loading can be enabled in LM Studio Server Settings.', 'type': 'invalid_request_error', 'param': 'model', 'code': 'model_not_found'}}",,,,,,excel,,2,0,0,0
更改发XX请求,transfer_human,,0,,,,,,,,55,"APIError: Error code: 400 - {'error': {'message': 'Invalid model identifier ""aliyun/deepseek-v4-flash"". No matching loaded model found, and just-in-time (JIT) model loading is disabled. Ensure you have this model loaded first. JIT loading can be enabled in LM Studio Server Settings.', 'type': 'invalid_request_error', 'param': 'model', 'code': 'model_not_found'}}",,,,,,excel,,2,0,0,0
发我请求（需识别客户身份）,transfer_human,,0,,,,,,,,130,"APIError: Error code: 400 - {'error': {'message': 'Invalid model identifier ""aliyun/deepseek-v4-flash"". No matching loaded model found, and just-in-time (JIT) model loading is disabled. Ensure you have this model loaded first. JIT loading can be enabled in LM Studio Server Settings.', 'type': 'invalid_request_error', 'param': 'model', 'code': 'model_not_found'}}",,,,,,excel,,2,0,0,0
发XX请求,transfer_human,,0,,,,,,,,130,"APIError: Error code: 400 - {'error': {'message': 'Invalid model identifier ""aliyun/deepseek-v4-flash"". No matching loaded model found, and just-in-time (JIT) model loading is disabled. Ensure you have this model loaded first. JIT loading can be enabled in LM Studio Server Settings.', 'type': 'invalid_request_error', 'param': 'model', 'code': 'model_not_found'}}",,,,,,excel,,2,0,0,0
请求对象需要改一下,transfer_human,,0,,,,,,,,149,"APIError: Error code: 400 - {'error': {'message': 'Invalid model identifier ""aliyun/deepseek-v4-flash"". No matching loaded model found, and just-in-time (JIT) model loading is disabled. Ensure you have this model loaded first. JIT loading can be enabled in LM Studio Server Settings.', 'type': 'invalid_request_error', 'param': 'model', 'code': 'model_not_found'}}",,,,,,excel,,2,0,0,0
改一下请求对象,transfer_human,,0,,,,,,,,163,"APIError: Error code: 400 - {'error': {'message': 'Invalid model identifier ""aliyun/deepseek-v4-flash"". No matching loaded model found, and just-in-time (JIT) model loading is disabled. Ensure you have this model loaded first. JIT loading can be enabled in LM Studio Server Settings.', 'type': 'invalid_request_error', 'param': 'model', 'code': 'model_not_found'}}",,,,,,excel,,2,0,0,0
更改请求对象,transfer_human,,0,,,,,,,,91,"APIError: Error code: 400 - {'error': {'message': 'Invalid model identifier ""aliyun/deepseek-v4-flash"". No matching loaded model found, and just-in-time (JIT) model loading is disabled. Ensure you have this model loaded first. JIT loading can be enabled in LM Studio Server Settings.', 'type': 'invalid_request_error', 'param': 'model', 'code': 'model_not_found'}}",,,,,,excel,,2,0,0,0
修改请求对象,transfer_human,,0,,,,,,,,149,"APIError: Error code: 400 - {'error': {'message': 'Invalid model identifier ""aliyun/deepseek-v4-flash"". No matching loaded model found, and just-in-time (JIT) model loading is disabled. Ensure you have this model loaded first. JIT loading can be enabled in LM Studio Server Settings.', 'type': 'invalid_request_error', 'param': 'model', 'code': 'model_not_found'}}",,,,,,excel,,2,0,0,0
更换请求对象,transfer_human,,0,,,,,,,,103,"APIError: Error code: 400 - {'error': {'message': 'Invalid model identifier ""aliyun/deepseek-v4-flash"". No matching loaded model found, and just-in-time (JIT) model loading is disabled. Ensure you have this model loaded first. JIT loading can be enabled in LM Studio Server Settings.', 'type': 'invalid_request_error', 'param': 'model', 'code': 'model_not_found'}}",,,,,,excel,,2,0,0,0
请求对象有问题,transfer_human,,0,,,,,,,,113,"APIError: Error code: 400 - {'error': {'message': 'Invalid model identifier ""aliyun/deepseek-v4-flash"". No matching loaded model found, and just-in-time (JIT) model loading is disabled. Ensure you have this model loaded first. JIT loading can be enabled in LM Studio Server Settings.', 'type': 'invalid_request_error', 'param': 'model', 'code': 'model_not_found'}}",,,,,,excel,,2,0,0,0
能改请求对象吗,transfer_human,,0,,,,,,,,131,"APIError: Error code: 400 - {'error': {'message': 'Invalid model identifier ""aliyun/deepseek-v4-flash"". No matching loaded model found, and just-in-time (JIT) model loading is disabled. Ensure you have this model loaded first. JIT loading can be enabled in LM Studio Server Settings.', 'type': 'invalid_request_error', 'param': 'model', 'code': 'model_not_found'}}",,,,,,excel,,2,0,0,0
人工,transfer_human,,0,,,,,,,,78,"APIError: Error code: 400 - {'error': {'message': 'Invalid model identifier ""aliyun/deepseek-v4-flash"". No matching loaded model found, and just-in-time (JIT) model loading is disabled. Ensure you have this model loaded first. JIT loading can be enabled in LM Studio Server Settings.', 'type': 'invalid_request_error', 'param': 'model', 'code': 'model_not_found'}}",,,,,,excel,,2,0,0,0
客服,transfer_human,,0,,,,,,,,85,"APIError: Error code: 400 - {'error': {'message': 'Invalid model identifier ""aliyun/deepseek-v4-flash"". No matching loaded model found, and just-in-time (JIT) model loading is disabled. Ensure you have this model loaded first. JIT loading can be enabled in LM Studio Server Settings.', 'type': 'invalid_request_error', 'param': 'model', 'code': 'model_not_found'}}",,,,,,excel,,2,0,0,0
转人工,transfer_human,,0,,,,,,,,101,"APIError: Error code: 400 - {'error': {'message': 'Invalid model identifier ""aliyun/deepseek-v4-flash"". No matching loaded model found, and just-in-time (JIT) model loading is disabled. Ensure you have this model loaded first. JIT loading can be enabled in LM Studio Server Settings.', 'type': 'invalid_request_error', 'param': 'model', 'code': 'model_not_found'}}",,,,,,excel,,2,0,0,0
人工客服,transfer_human,,0,,,,,,,,143,"APIError: Error code: 400 - {'error': {'message': 'Invalid model identifier ""aliyun/deepseek-v4-flash"". No matching loaded model found, and just-in-time (JIT) model loading is disabled. Ensure you have this model loaded first. JIT loading can be enabled in LM Studio Server Settings.', 'type': 'invalid_request_error', 'param': 'model', 'code': 'model_not_found'}}",,,,,,excel,,2,0,0,0
Bid 200012.IB 8000万 2.88 今+1,bond_inquiry,,0,,,,,,,,66,"APIError: Error code: 400 - {'error': {'message': 'Invalid model identifier ""aliyun/deepseek-v4-flash"". No matching loaded model found, and just-in-time (JIT) model loading is disabled. Ensure you have this model loaded first. JIT loading can be enabled in LM Studio Server Settings.', 'type': 'invalid_request_error', 'param': 'model', 'code': 'model_not_found'}}",,,,,,generated,,2,0,0,0
ofr 240205 6000万 2.31 T+0,bond_inquiry,,0,,,,,,,,81,"APIError: Error code: 400 - {'error': {'message': 'Invalid model identifier ""aliyun/deepseek-v4-flash"". No matching loaded model found, and just-in-time (JIT) model loading is disabled. Ensure you have this model loaded first. JIT loading can be enabled in LM Studio Server Settings.', 'type': 'invalid_request_error', 'param': 'model', 'code': 'model_not_found'}}",,,,,,generated,,2,0,0,0
卖 230026.IB 5亿 2.55 后天交割,bond_inquiry,,0,,,,,,,,107,"APIError: Error code: 400 - {'error': {'message': 'Invalid model identifier ""aliyun/deepseek-v4-flash"". No matching loaded model found, and just-in-time (JIT) model loading is disabled. Ensure you have this model loaded first. JIT loading can be enabled in LM Studio Server Settings.', 'type': 'invalid_request_error', 'param': 'model', 'code': 'model_not_found'}}",,,,,,generated,,2,0,0,0
2.65 bid 190015 2000万,bond_inquiry,,0,,,,,,,,130,"APIError: Error code: 400 - {'error': {'message': 'Invalid model identifier ""aliyun/deepseek-v4-flash"". No matching loaded model found, and just-in-time (JIT) model loading is disabled. Ensure you have this model loaded first. JIT loading can be enabled in LM Studio Server Settings.', 'type': 'invalid_request_error', 'param': 'model', 'code': 'model_not_found'}}",,,,,,generated,,2,0,0,0
bid 200012.IB 8000万,bond_inquiry,,0,,,,,,,,98,"APIError: Error code: 400 - {'error': {'message': 'Invalid model identifier ""aliyun/deepseek-v4-flash"". No matching loaded model found, and just-in-time (JIT) model loading is disabled. Ensure you have this model loaded first. JIT loading can be enabled in LM Studio Server Settings.', 'type': 'invalid_request_error', 'param': 'model', 'code': 'model_not_found'}}",,,,,,generated,,2,0,0,0
240205 ofr 2.31,bond_inquiry,,0,,,,,,,,139,"APIError: Error code: 400 - {'error': {'message': 'Invalid model identifier ""aliyun/deepseek-v4-flash"". No matching loaded model found, and just-in-time (JIT) model loading is disabled. Ensure you have this model loaded first. JIT loading can be enabled in LM Studio Server Settings.', 'type': 'invalid_request_error', 'param': 'model', 'code': 'model_not_found'}}",,,,,,generated,,2,0,0,0
买点 230026 3亿,bond_inquiry,,0,,,,,,,,138,"APIError: Error code: 400 - {'error': {'message': 'Invalid model identifier ""aliyun/deepseek-v4-flash"". No matching loaded model found, and just-in-time (JIT) model loading is disabled. Ensure you have this model loaded first. JIT loading can be enabled in LM Studio Server Settings.', 'type': 'invalid_request_error', 'param': 'model', 'code': 'model_not_found'}}",,,,,,generated,,2,0,0,0
把我的单都撤了,bond_inquiry,,0,,,,all,,0,,67,"APIError: Error code: 400 - {'error': {'message': 'Invalid model identifier ""aliyun/deepseek-v4-flash"". No matching loaded model found, and just-in-time (JIT) model loading is disabled. Ensure you have this model loaded first. JIT loading can be enabled in LM Studio Server Settings.', 'type': 'invalid_request_error', 'param': 'model', 'code': 'model_not_found'}}",,,,,,generated,,2,0,0,0
撤销全部挂单,bond_inquiry,,0,,,,all,,0,,113,"APIError: Error code: 400 - {'error': {'message': 'Invalid model identifier ""aliyun/deepseek-v4-flash"". No matching loaded model found, and just-in-time (JIT) model loading is disabled. Ensure you have this model loaded first. JIT loading can be enabled in LM Studio Server Settings.', 'type': 'invalid_request_error', 'param': 'model', 'code': 'model_not_found'}}",,,,,,generated,,2,0,0,0
ref 200012.IB,bond_inquiry,,0,,,,specified,,0,,110,"APIError: Error code: 400 - {'error': {'message': 'Invalid model identifier ""aliyun/deepseek-v4-flash"". No matching loaded model found, and just-in-time (JIT) model loading is disabled. Ensure you have this model loaded first. JIT loading can be enabled in LM Studio Server Settings.', 'type': 'invalid_request_error', 'param': 'model', 'code': 'model_not_found'}}",,,,,,generated,,2,0,0,0
ref ofr 6000万,bond_inquiry,,0,,,,specified,,0,,150,"APIError: Error code: 400 - {'error': {'message': 'Invalid model identifier ""aliyun/deepseek-v4-flash"". No matching loaded model found, and just-in-time (JIT) model loading is disabled. Ensure you have this model loaded first. JIT loading can be enabled in LM Studio Server Settings.', 'type': 'invalid_request_error', 'param': 'model', 'code': 'model_not_found'}}",,,,,,generated,,2,0,0,0
我的单都什么情况,bond_query,,0,all,,0,,,,,149,"APIError: Error code: 400 - {'error': {'message': 'Invalid model identifier ""aliyun/deepseek-v4-flash"". No matching loaded model found, and just-in-time (JIT) model loading is disabled. Ensure you have this model loaded first. JIT loading can be enabled in LM Studio Server Settings.', 'type': 'invalid_request_error', 'param': 'model', 'code': 'model_not_found'}}",,,,,,generated,,2,0,0,0
今天交易做得如何,bond_query,,0,all,,0,,,,,177,"APIError: Error code: 400 - {'error': {'message': 'Invalid model identifier ""aliyun/deepseek-v4-flash"". No matching loaded model found, and just-in-time (JIT) model loading is disabled. Ensure you have this model loaded first. JIT loading can be enabled in LM Studio Server Settings.', 'type': 'invalid_request_error', 'param': 'model', 'code': 'model_not_found'}}",,,,,,generated,,2,0,0,0
我的操作都还顺吗,bond_query,,0,all,,0,,,,,139,"APIError: Error code: 400 - {'error': {'message': 'Invalid model identifier ""aliyun/deepseek-v4-flash"". No matching loaded model found, and just-in-time (JIT) model loading is disabled. Ensure you have this model loaded first. JIT loading can be enabled in LM Studio Server Settings.', 'type': 'invalid_request_error', 'param': 'model', 'code': 'model_not_found'}}",,,,,,generated,,2,0,0,0
有哪些还挂着没成,bond_query,,0,pending,,0,,,,,92,"APIError: Error code: 400 - {'error': {'message': 'Invalid model identifier ""aliyun/deepseek-v4-flash"". No matching loaded model found, and just-in-time (JIT) model loading is disabled. Ensure you have this model loaded first. JIT loading can be enabled in LM Studio Server Settings.', 'type': 'invalid_request_error', 'param': 'model', 'code': 'model_not_found'}}",,,,,,generated,,2,0,0,0
没成交的还剩几个,bond_query,,0,pending,,0,,,,,115,"APIError: Error code: 400 - {'error': {'message': 'Invalid model identifier ""aliyun/deepseek-v4-flash"". No matching loaded model found, and just-in-time (JIT) model loading is disabled. Ensure you have this model loaded first. JIT loading can be enabled in LM Studio Server Settings.', 'type': 'invalid_request_error', 'param': 'model', 'code': 'model_not_found'}}",,,,,,generated,,2,0,0,0
在挂的有几单,bond_query,,0,pending,,0,,,,,98,"APIError: Error code: 400 - {'error': {'message': 'Invalid model identifier ""aliyun/deepseek-v4-flash"". No matching loaded model found, and just-in-time (JIT) model loading is disabled. Ensure you have this model loaded first. JIT loading can be enabled in LM Studio Server Settings.', 'type': 'invalid_request_error', 'param': 'model', 'code': 'model_not_found'}}",,,,,,generated,,2,0,0,0
成了的有哪几笔,bond_query,,0,completed,,0,,,,,110,"APIError: Error code: 400 - {'error': {'message': 'Invalid model identifier ""aliyun/deepseek-v4-flash"". No matching loaded model found, and just-in-time (JIT) model loading is disabled. Ensure you have this model loaded first. JIT loading can be enabled in LM Studio Server Settings.', 'type': 'invalid_request_error', 'param': 'model', 'code': 'model_not_found'}}",,,,,,generated,,2,0,0,0
今天撮合成功多少,bond_query,,0,completed,,0,,,,,105,"APIError: Error code: 400 - {'error': {'message': 'Invalid model identifier ""aliyun/deepseek-v4-flash"". No matching loaded model found, and just-in-time (JIT) model loading is disabled. Ensure you have this model loaded first. JIT loading can be enabled in LM Studio Server Settings.', 'type': 'invalid_request_error', 'param': 'model', 'code': 'model_not_found'}}",,,,,,generated,,2,0,0,0
已经成交的单,bond_query,,0,completed,,0,,,,,77,"APIError: Error code: 400 - {'error': {'message': 'Invalid model identifier ""aliyun/deepseek-v4-flash"". No matching loaded model found, and just-in-time (JIT) model loading is disabled. Ensure you have this model loaded first. JIT loading can be enabled in LM Studio Server Settings.', 'type': 'invalid_request_error', 'param': 'model', 'code': 'model_not_found'}}",,,,,,generated,,2,0,0,0
帮我选两只5年期地方债,bond_selection,,0,,,,,,,,110,"APIError: Error code: 400 - {'error': {'message': 'Invalid model identifier ""aliyun/deepseek-v4-flash"". No matching loaded model found, and just-in-time (JIT) model loading is disabled. Ensure you have this model loaded first. JIT loading can be enabled in LM Studio Server Settings.', 'type': 'invalid_request_error', 'param': 'model', 'code': 'model_not_found'}}",,,,,,generated,,2,0,0,0
推荐几只流动性好的国开债,bond_selection,,0,,,,,,,,154,"APIError: Error code: 400 - {'error': {'message': 'Invalid model identifier ""aliyun/deepseek-v4-flash"". No matching loaded model found, and just-in-time (JIT) model loading is disabled. Ensure you have this model loaded first. JIT loading can be enabled in LM Studio Server Settings.', 'type': 'invalid_request_error', 'param': 'model', 'code': 'model_not_found'}}",,,,,,generated,,2,0,0,0
筛一下收益率3以上的信用债,bond_selection,,0,,,,,,,,112,"APIError: Error code: 400 - {'error': {'message': 'Invalid model identifier ""aliyun/deepseek-v4-flash"". No matching loaded model found, and just-in-time (JIT) model loading is disabled. Ensure you have this model loaded first. JIT loading can be enabled in LM Studio Server Settings.', 'type': 'invalid_request_error', 'param': 'model', 'code': 'model_not_found'}}",,,,,,generated,,2,0,0,0
接通人工,transfer_human,,0,,,,,,,,109,"APIError: Error code: 400 - {'error': {'message': 'Invalid model identifier ""aliyun/deepseek-v4-flash"". No matching loaded model found, and just-in-time (JIT) model loading is disabled. Ensure you have this model loaded first. JIT loading can be enabled in LM Studio Server Settings.', 'type': 'invalid_request_error', 'param': 'model', 'code': 'model_not_found'}}",,,,,,generated,,2,0,0,0
我想找客服,transfer_human,,0,,,,,,,,44,"APIError: Error code: 400 - {'error': {'message': 'Invalid model identifier ""aliyun/deepseek-v4-flash"". No matching loaded model found, and just-in-time (JIT) model loading is disabled. Ensure you have this model loaded first. JIT loading can be enabled in LM Studio Server Settings.', 'type': 'invalid_request_error', 'param': 'model', 'code': 'model_not_found'}}",,,,,,generated,,2,0,0,0
把请求改一下接收方,transfer_human,,0,,,,,,,,150,"APIError: Error code: 400 - {'error': {'message': 'Invalid model identifier ""aliyun/deepseek-v4-flash"". No matching loaded model found, and just-in-time (JIT) model loading is disabled. Ensure you have this model loaded first. JIT loading can be enabled in LM Studio Server Settings.', 'type': 'invalid_request_error', 'param': 'model', 'code': 'model_not_found'}}",,,,,,generated,,2,0,0,0
发到人工处理吧,transfer_human,,0,,,,,,,,142,"APIError: Error code: 400 - {'error': {'message': 'Invalid model identifier ""aliyun/deepseek-v4-flash"". No matching loaded model found, and just-in-time (JIT) model loading is disabled. Ensure you have this model loaded first. JIT loading can be enabled in LM Studio Server Settings.', 'type': 'invalid_request_error', 'param': 'model', 'code': 'model_not_found'}}",,,,,,generated,,2,0,0,0
早上好,chat,,0,,,,,,,,162,"APIError: Error code: 400 - {'error': {'message': 'Invalid model identifier ""aliyun/deepseek-v4-flash"". No matching loaded model found, and just-in-time (JIT) model loading is disabled. Ensure you have this model loaded first. JIT loading can be enabled in LM Studio Server Settings.', 'type': 'invalid_request_error', 'param': 'model', 'code': 'model_not_found'}}",,,,,,generated,,2,0,0,0
忙吗,chat,,0,,,,,,,,143,"APIError: Error code: 400 - {'error': {'message': 'Invalid model identifier ""aliyun/deepseek-v4-flash"". No matching loaded model found, and just-in-time (JIT) model loading is disabled. Ensure you have this model loaded first. JIT loading can be enabled in LM Studio Server Settings.', 'type': 'invalid_request_error', 'param': 'model', 'code': 'model_not_found'}}",,,,,,generated,,2,0,0,0
ofr 是什么,chat,,0,,,,,,,,167,"APIError: Error code: 400 - {'error': {'message': 'Invalid model identifier ""aliyun/deepseek-v4-flash"". No matching loaded model found, and just-in-time (JIT) model loading is disabled. Ensure you have this model loaded first. JIT loading can be enabled in LM Studio Server Settings.', 'type': 'invalid_request_error', 'param': 'model', 'code': 'model_not_found'}}",,,,,,generated,,2,0,0,0
T+0 啥意思,chat,,0,,,,,,,,161,"APIError: Error code: 400 - {'error': {'message': 'Invalid model identifier ""aliyun/deepseek-v4-flash"". No matching loaded model found, and just-in-time (JIT) model loading is disabled. Ensure you have this model loaded first. JIT loading can be enabled in LM Studio Server Settings.', 'type': 'invalid_request_error', 'param': 'model', 'code': 'model_not_found'}}",,,,,,generated,,2,0,0,0
200012 最近怎么走,chat,,0,,,,,,,,138,"APIError: Error code: 400 - {'error': {'message': 'Invalid model identifier ""aliyun/deepseek-v4-flash"". No matching loaded model found, and just-in-time (JIT) model loading is disabled. Ensure you have this model loaded first. JIT loading can be enabled in LM Studio Server Settings.', 'type': 'invalid_request_error', 'param': 'model', 'code': 'model_not_found'}}",,,,,,generated,,2,0,0,0
今天债市行情,chat,,0,,,,,,,,147,"APIError: Error code: 400 - {'error': {'message': 'Invalid model identifier ""aliyun/deepseek-v4-flash"". No matching loaded model found, and just-in-time (JIT) model loading is disabled. Ensure you have this model loaded first. JIT loading can be enabled in LM Studio Server Settings.', 'type': 'invalid_request_error', 'param': 'model', 'code': 'model_not_found'}}",,,,,,generated,,2,0,0,0
你们加多少点,chat,,0,,,,,,,,149,"APIError: Error code: 400 - {'error': {'message': 'Invalid model identifier ""aliyun/deepseek-v4-flash"". No matching loaded model found, and just-in-time (JIT) model loading is disabled. Ensure you have this model loaded first. JIT loading can be enabled in LM Studio Server Settings.', 'type': 'invalid_request_error', 'param': 'model', 'code': 'model_not_found'}}",,,,,,generated,,2,0,0,0
有什么券能报价,chat,,0,,,,,,,,95,"APIError: Error code: 400 - {'error': {'message': 'Invalid model identifier ""aliyun/deepseek-v4-flash"". No matching loaded model found, and just-in-time (JIT) model loading is disabled. Ensure you have this model loaded first. JIT loading can be enabled in LM Studio Server Settings.', 'type': 'invalid_request_error', 'param': 'model', 'code': 'model_not_found'}}",,,,,,generated,,2,0,0,0
报价单整理好了没,chat,,0,,,,,,,,99,"APIError: Error code: 400 - {'error': {'message': 'Invalid model identifier ""aliyun/deepseek-v4-flash"". No matching loaded model found, and just-in-time (JIT) model loading is disabled. Ensure you have this model loaded first. JIT loading can be enabled in LM Studio Server Settings.', 'type': 'invalid_request_error', 'param': 'model', 'code': 'model_not_found'}}",,,,,,generated,,2,0,0,0
这报价不行啊,chat,,0,,,,,,,,105,"APIError: Error code: 400 - {'error': {'message': 'Invalid model identifier ""aliyun/deepseek-v4-flash"". No matching loaded model found, and just-in-time (JIT) model loading is disabled. Ensure you have this model loaded first. JIT loading can be enabled in LM Studio Server Settings.', 'type': 'invalid_request_error', 'param': 'model', 'code': 'model_not_found'}}",,,,,,generated,,2,0,0,0
给个建议,chat,,0,,,,,,,,74,"APIError: Error code: 400 - {'error': {'message': 'Invalid model identifier ""aliyun/deepseek-v4-flash"". No matching loaded model found, and just-in-time (JIT) model loading is disabled. Ensure you have this model loaded first. JIT loading can be enabled in LM Studio Server Settings.', 'type': 'invalid_request_error', 'param': 'model', 'code': 'model_not_found'}}",,,,,,generated,,2,0,0,0
哪个好,chat,,0,,,,,,,,73,"APIError: Error code: 400 - {'error': {'message': 'Invalid model identifier ""aliyun/deepseek-v4-flash"". No matching loaded model found, and just-in-time (JIT) model loading is disabled. Ensure you have this model loaded first. JIT loading can be enabled in LM Studio Server Settings.', 'type': 'invalid_request_error', 'param': 'model', 'code': 'model_not_found'}}",,,,,,generated,,2,0,0,0
ofr,chat,,0,,,,,,,,59,"APIError: Error code: 400 - {'error': {'message': 'Invalid model identifier ""aliyun/deepseek-v4-flash"". No matching loaded model found, and just-in-time (JIT) model loading is disabled. Ensure you have this model loaded first. JIT loading can be enabled in LM Studio Server Settings.', 'type': 'invalid_request_error', 'param': 'model', 'code': 'model_not_found'}}",,,,,,generated,,2,0,0,0
